{
    "loss": 30.38762855529785,
    "accuracy": 0.48201438784599304
}