{
    "loss": 14.983248710632324,
    "accuracy": 0.48201438784599304
}